{"timesteps": 100, "ep_reward": 100.0, "num_updates": 0, "episodes": 500, "_timestamp": 1694670891.1765459, "_runtime": 200.98167777061462, "_step": 500, "_wandb": {"runtime": 213}}