{"timesteps": 98, "ep_reward": 98.0, "num_updates": 0, "episodes": 500, "_timestamp": 1694670673.2864456, "_runtime": 206.46209454536438, "_step": 500, "_wandb": {"runtime": 216}}