{"timesteps": 200, "ep_reward": 200, "num_updates": 0, "episodes": 200, "_timestamp": 1694679574.3898604, "_runtime": 265.2404673099518, "_step": 200, "_wandb": {"runtime": 282}}