{"timesteps": 155, "ep_reward": 9, "num_updates": 0, "episodes": 200, "_timestamp": 1694688437.7406225, "_runtime": 156.61394262313843, "_step": 200, "_wandb": {"runtime": 155}}