{"timesteps": 200, "ep_reward": 198, "num_updates": 0, "episodes": 200, "_timestamp": 1695028953.4671035, "_runtime": 233.21754240989685, "_step": 200, "_wandb": {"runtime": 254}}