{"timesteps": 200, "ep_reward": 186, "num_updates": 0, "episodes": 200, "_timestamp": 1694682671.2164574, "_runtime": 251.45044541358948, "_step": 200, "_wandb": {"runtime": 269}}