{"timesteps": 100, "ep_reward": 100.0, "num_updates": 0, "episodes": 500, "_timestamp": 1694671127.079675, "_runtime": 218.44674491882324, "_step": 500, "_wandb": {"runtime": 227}}