{"timesteps": 100, "ep_reward": 100.0, "num_updates": 0, "episodes": 500, "_timestamp": 1694671577.6894276, "_runtime": 200.5449047088623, "_step": 500, "_wandb": {"runtime": 7925}}