{"timesteps": 200, "ep_reward": 196, "num_updates": 0, "episodes": 200, "_timestamp": 1694682227.7900176, "_runtime": 239.67372059822083, "_step": 200, "_wandb": {"runtime": 238}}