{"timesteps": 194, "ep_reward": 192, "num_updates": 0, "episodes": 103, "_timestamp": 1694682368.1213627, "_runtime": 130.87323474884033, "_step": 103, "_wandb": {"runtime": 177}}