{"timesteps": 30, "ep_reward": 30.0, "num_updates": 0, "episodes": 200, "_timestamp": 1694670436.5430298, "_runtime": 55.10407280921936, "_step": 200, "_wandb": {"runtime": 63}}