{"timesteps": 200, "ep_reward": -90, "num_updates": 0, "episodes": 19, "_timestamp": 1694688259.8831644, "_runtime": 47.82788443565369, "_step": 19, "_wandb": {"runtime": 64}}