{"timesteps": 200, "ep_reward": 200, "num_updates": 0, "episodes": 200, "_timestamp": 1694679924.8697362, "_runtime": 258.4022431373596, "_step": 200, "_wandb": {"runtime": 2315}}