{"timesteps": 100, "ep_reward": 100.0, "num_updates": 0, "episodes": 500, "_timestamp": 1694666714.7114167, "_runtime": 216.19832181930542, "_step": 500, "_wandb": {"runtime": 228}}