{"timesteps": 100, "ep_reward": 100.0, "num_updates": 0, "episodes": 500, "_timestamp": 1694671360.3255436, "_runtime": 217.6857557296753, "_step": 500, "_wandb": {"runtime": 228}}